Time,Voltage,Current,Frequency,Temperature,Fault,Confidence,Grid Health,Shutdown
07-07-2026 12:03:39,230.0,5.0,50.0,30.0,Normal,100.0,100,NO
07-07-2026 12:19:41,230.0,5.0,50.0,30.0,Normal,100.0,100,NO
07-07-2026 12:22:10,230.0,5.0,50.0,30.0,Normal,100.0,100,NO
07-07-2026 12:24:08,230.0,5.0,50.0,30.0,Normal,100.0,100,NO
07-07-2026 12:24:42,270.07,5.0,50.0,30.0,Overvoltage,94.0,40,YES
07-07-2026 12:26:19,300.07,5.0,50.0,30.0,Overvoltage,94.0,40,YES
07-07-2026 12:27:00,300.07,11.0,70.0,30.0,Overvoltage,64.0,40,YES
07-07-2026 12:30:32,240.0,11.0,30.0,30.0,Overload,69.0,45,YES
07-07-2026 12:32:40,0.0,0.0,0.0,28.0,Line Break,100.0,20,YES
07-07-2026 12:34:33,250.0,5.0,50.0,30.0,Normal,97.0,100,NO
07-07-2026 12:34:46,260.0,5.0,50.0,30.0,Normal,49.0,100,NO
07-07-2026 12:36:28,260.0,10.0,50.0,30.0,Overload,46.0,45,YES
07-07-2026 12:36:46,290.0,10.0,80.0,30.0,Overvoltage,88.0,40,YES
07-07-2026 12:38:11,150.0,5.0,50.0,30.0,Undervoltage,99.0,50,YES
07-07-2026 12:38:25,210.0,5.0,50.0,30.0,Normal,100.0,100,NO
07-07-2026 12:38:33,180.0,5.0,50.0,30.0,Undervoltage,99.0,50,YES
07-07-2026 12:40:35,275.0,15.0,50.0,45.0,Overload,52.0,45,YES
07-07-2026 12:41:05,150.0,2.0,49.0,32.0,Undervoltage,100.0,50,YES
07-07-2026 12:41:35,0.0,0.0,0.0,28.0,Line Break,100.0,20,YES
07-07-2026 12:42:23,290.0,10.0,80.0,30.0,Overvoltage,88.0,40,YES
07-07-2026 12:55:21,230.0,5.0,50.0,30.0,Normal,100.0,100,NO
07-07-2026 20:14:47,230.0,5.0,50.0,30.0,Normal,100.0,100,NO
07-07-2026 20:26:14,230.0,5.0,50.0,30.0,Normal,100.0,100,NO
08-07-2026 12:04:59,230.0,5.0,50.0,30.0,Normal,100.0,100,NO
08-07-2026 12:12:28,230.0,5.0,50.0,30.0,Normal,100.0,100,NO
08-07-2026 12:22:21,230.0,5.0,50.0,30.0,Normal,100.0,100,NO
08-07-2026 12:24:26,230.0,5.0,50.0,30.0,Normal,100.0,100,NO
08-07-2026 12:36:04,230.0,5.0,50.0,30.0,Normal,100.0,100,NO
08-07-2026 12:43:14,230.0,5.0,50.0,30.0,Normal,100.0,100,NO
08-07-2026 12:45:47,0.0,0.0,0.0,0.0,Line Break,100.0,20,YES
08-07-2026 12:51:38,0.0,0.0,0.0,0.0,Line Break,100.0,20,YES
08-07-2026 12:53:14,230.0,5.0,50.0,30.0,Normal,100.0,100,NO
08-07-2026 12:55:48,230.0,5.0,50.0,30.0,Normal,100.0,100,NO
08-07-2026 12:57:50,230.0,5.0,50.0,30.0,Normal,100.0,100,NO
08-07-2026 13:00:49,230.0,5.0,50.0,30.0,Normal,100.0,100,NO
08-07-2026 13:02:41,230.0,5.0,50.0,30.0,Normal,100.0,100,NO
08-07-2026 13:05:02,230.0,5.0,50.0,30.0,Normal,100.0,100,NO
08-07-2026 13:13:04,230.0,5.0,50.0,30.0,Normal,100.0,100,NO
08-07-2026 13:17:31,230.0,5.0,50.0,30.0,Normal,100.0,100,NO
08-07-2026 13:18:28,230.0,5.0,50.0,30.0,Normal,100.0,100,NO
08-07-2026 13:25:18,230.0,5.0,50.0,30.0,Normal,100.0,100,NO
08-07-2026 13:27:03,230.0,5.0,50.0,30.0,Normal,100.0,100,NO
08-07-2026 13:28:04,0.0,0.0,0.0,30.0,Line Break,100.0,20,YES
08-07-2026 13:29:13,230.0,5.0,50.0,30.0,Normal,100.0,100,NO
08-07-2026 17:18:55,220.0,11.95,49.94,30.0,Overload,68.0,45,YES
08-07-2026 17:19:03,224.0,17.76,49.82,49.0,Overload,99.0,45,YES
08-07-2026 17:19:10,224.0,8.13,49.88,40.0,Normal,52.0,100,NO
08-07-2026 17:19:12,229.0,16.51,49.91,56.0,Overload,99.0,45,YES
08-07-2026 17:19:14,235.0,14.59,49.8,49.0,Overload,99.0,45,YES
08-07-2026 17:20:55,235.0,6.92,49.85,47.0,Normal,54.0,100,NO
08-07-2026 18:21:50,230.0,5.0,50.0,30.0,Normal,100.0,100,NO
08-07-2026 18:21:59,236.0,11.78,50.11,50.0,Overload,99.0,45,YES
08-07-2026 18:22:12,227.0,17.02,49.98,53.0,Overload,99.0,45,YES
08-07-2026 18:22:16,221.0,5.69,50.04,35.0,Normal,100.0,100,NO
08-07-2026 18:22:21,236.0,9.28,50.0,42.0,Overload,51.0,45,YES
08-07-2026 18:22:22,236.0,7.05,50.09,52.0,Normal,54.0,100,NO
08-07-2026 18:22:24,223.0,16.73,49.91,49.0,Overload,99.0,45,YES
08-07-2026 18:22:25,234.0,18.78,49.95,54.0,Overload,99.0,45,YES
08-07-2026 18:22:25,237.0,5.61,49.94,59.0,Normal,53.0,100,NO
08-07-2026 18:22:26,231.0,5.6,50.15,48.0,Normal,53.0,100,NO
08-07-2026 18:22:27,236.0,8.35,50.04,47.0,Normal,51.0,100,NO
08-07-2026 18:30:00,230.0,5.0,50.0,30.0,Normal,100.0,100,NO
08-07-2026 18:30:30,230.0,14.6,50.15,35.0,Overload,68.0,45,YES
08-07-2026 18:31:54,230.0,14.01,49.91,44.0,Overload,99.0,45,YES
08-07-2026 18:53:12,230.0,5.0,50.0,30.0,Normal,100.0,100,NO
08-07-2026 18:59:37,229.0,4.27,49.9,39.0,Normal,56.0,100,NO
08-07-2026 19:00:07,225.0,12.79,50.19,49.0,Overload,99.0,45,YES
08-07-2026 19:00:15,222.0,14.26,50.1,50.0,Overload,99.0,45,YES
08-07-2026 19:00:17,239.0,11.23,50.06,37.0,Overload,71.0,45,YES
08-07-2026 19:00:19,239.0,10.91,49.81,45.0,Overload,99.0,45,YES
08-07-2026 19:00:21,220.0,7.75,50.09,36.0,Normal,79.0,100,NO
08-07-2026 19:00:25,234.0,11.36,50.14,55.0,Overload,99.0,45,YES
08-07-2026 19:00:28,235.0,12.94,49.98,46.0,Overload,99.0,45,YES
08-07-2026 19:00:29,227.0,4.03,50.14,35.0,Normal,100.0,100,NO
08-07-2026 19:00:32,227.0,8.24,49.86,30.0,Normal,88.0,100,NO
08-07-2026 19:02:34,230.0,5.0,50.0,30.0,Normal,100.0,100,NO
08-07-2026 19:03:02,237.0,5.19,49.94,45.0,Normal,53.0,100,NO
08-07-2026 19:08:54,230.0,5.0,50.0,30.0,Normal,100.0,100,NO
08-07-2026 19:09:09,220.0,5.91,50.06,28.0,Normal,100.0,100,NO
08-07-2026 19:09:16,226.0,8.92,49.88,41.0,Normal,52.0,100,NO
08-07-2026 19:09:19,235.0,10.34,49.89,54.0,Overload,99.0,45,YES
08-07-2026 20:37:13,229.0,3.57,49.82,29.0,Normal,100.0,100,NO
08-07-2026 20:37:26,234.0,13.41,49.82,50.0,Overload,99.0,45,YES
08-07-2026 20:40:34,230.0,5.0,50.0,30.0,Normal,100.0,100,NO
08-07-2026 20:40:41,230.0,5.0,50.0,30.0,Normal,100.0,100,NO
08-07-2026 20:40:43,230.0,5.0,50.0,30.0,Normal,100.0,100,NO
08-07-2026 20:41:02,0.0,0.0,0.0,30.0,Line Break,100.0,20,YES
08-07-2026 20:41:20,228.0,11.16,49.96,51.0,Overload,99.0,45,YES
08-07-2026 20:41:44,220.0,11.92,49.99,41.0,Overload,99.0,45,YES
08-07-2026 20:41:47,223.0,6.59,49.86,40.0,Normal,55.0,100,NO
08-07-2026 20:49:56,230.0,5.0,50.0,30.0,Normal,100.0,100,NO
08-07-2026 20:50:29,223.0,13.13,49.85,53.0,Overload,99.0,45,YES
08-07-2026 20:53:52,230.0,5.0,50.0,30.0,Normal,100.0,100,NO
08-07-2026 20:54:04,230.0,5.0,50.0,30.0,Normal,100.0,100,NO
08-07-2026 20:54:14,229.0,13.76,50.06,52.0,Overload,99.0,45,YES
08-07-2026 21:03:37,230.0,5.0,50.0,30.0,Normal,100.0,100,NO
08-07-2026 21:04:14,234.0,6.38,49.91,33.0,Normal,100.0,100,NO
08-07-2026 21:04:21,234.0,5.57,49.95,33.0,Normal,100.0,100,NO
08-07-2026 21:04:26,223.0,10.14,49.95,44.0,Overload,99.0,45,YES
08-07-2026 21:14:35,230.0,5.0,50.0,30.0,Normal,100.0,100,NO
08-07-2026 21:14:59,233.0,12.6,49.9,53.0,Overload,99.0,45,YES
08-07-2026 21:27:42,230.0,5.0,50.0,30.0,Normal,100.0,100,NO
08-07-2026 21:27:55,231.0,7.56,49.92,45.0,Normal,54.0,100,NO
08-07-2026 21:28:00,240.0,9.89,49.84,32.0,Normal,62.0,100,NO
08-07-2026 21:28:03,225.0,6.76,49.99,46.0,Normal,54.0,100,NO
08-07-2026 21:28:06,236.0,8.19,49.92,32.0,Normal,87.0,100,NO
08-07-2026 21:28:08,223.0,7.18,49.94,40.0,Normal,55.0,100,NO
08-07-2026 21:28:10,226.0,4.28,50.1,25.0,Normal,100.0,100,NO
08-07-2026 21:28:11,224.0,5.62,49.95,47.0,Normal,53.0,100,NO
08-07-2026 21:28:12,236.0,3.09,49.85,37.0,Normal,79.0,100,NO
08-07-2026 21:28:13,220.0,7.95,50.18,30.0,Normal,100.0,100,NO
08-07-2026 21:28:18,226.0,14.53,50.05,44.0,Overload,99.0,45,YES
08-07-2026 21:28:49,229.0,6.12,49.87,25.0,Normal,100.0,100,NO
08-07-2026 21:28:54,221.0,5.75,50.14,54.0,Normal,53.0,100,NO
08-07-2026 21:28:57,222.0,12.69,50.15,50.0,Overload,99.0,45,YES
08-07-2026 21:57:01,234.0,8.96,50.06,55.0,Normal,51.0,100,NO
08-07-2026 21:57:11,239.0,12.15,49.9,31.0,Overload,68.0,45,YES
08-07-2026 22:25:24,230.0,5.0,50.0,30.0,Normal,100.0,100,NO
08-07-2026 22:25:40,225.0,6.71,50.08,36.0,Normal,79.0,100,NO
08-07-2026 22:25:50,225.0,4.66,50.13,54.0,Normal,53.0,100,NO
08-07-2026 22:25:59,239.0,13.2,49.81,52.0,Overload,99.0,45,YES
08-07-2026 23:08:57,230.0,5.0,50.0,30.0,Normal,100.0,100,NO
08-07-2026 23:09:17,234.0,5.08,50.13,43.0,Normal,54.0,100,NO
08-07-2026 23:13:27,230.0,5.0,50.0,30.0,Normal,100.0,100,NO
08-07-2026 23:16:21,230.0,5.0,50.0,30.0,Normal,100.0,100,NO
08-07-2026 23:21:30,230.0,5.0,50.0,30.0,Normal,100.0,100,NO
08-07-2026 23:23:39,230.0,5.0,50.0,30.0,Normal,100.0,100,NO
08-07-2026 23:24:00,227.0,11.58,50.04,53.0,Overload,99.0,45,YES
09-07-2026 12:15:51,230.0,5.0,50.0,30.0,Normal,100.0,100,NO
09-07-2026 12:16:35,222.0,5.2,50.12,48.0,Normal,53.0,100,NO
09-07-2026 12:16:43,223.0,12.53,50.03,47.0,Overload,99.0,45,YES
09-07-2026 12:32:08,230.0,5.0,50.0,30.0,Normal,100.0,100,NO
09-07-2026 12:32:42,230.0,5.0,50.0,30.0,Normal,100.0,100,NO
09-07-2026 12:33:06,0.0,0.0,0.0,30.0,Line Break,100.0,20,YES
09-07-2026 12:33:50,150.0,2.0,49.0,30.0,Undervoltage,100.0,50,YES
09-07-2026 12:34:15,300.0,10.0,55.0,30.0,Overvoltage,88.0,40,YES
09-07-2026 13:21:56,230.0,5.0,50.0,30.0,Normal,100.0,100,NO
09-07-2026 14:43:08,230.0,5.0,50.0,30.0,Normal,100.0,100,NO
09-07-2026 14:43:32,237.0,7.42,49.94,54.0,Normal,54.0,100,NO
09-07-2026 14:43:37,227.0,3.46,50.0,46.0,Normal,53.0,100,NO
09-07-2026 14:43:39,224.0,6.26,50.06,46.0,Normal,54.0,100,NO
09-07-2026 14:43:42,222.0,7.14,50.17,50.0,Normal,54.0,100,NO
09-07-2026 14:43:43,238.0,7.66,49.83,37.0,Normal,80.0,100,NO
09-07-2026 14:43:45,225.0,13.55,49.87,55.0,Overload,99.0,45,YES
09-07-2026 15:20:42,230.0,5.0,50.0,30.0,Normal,100.0,100,NO
09-07-2026 15:23:21,229.0,8.12,50.04,46.0,Normal,51.0,100,NO
09-07-2026 15:23:23,227.0,3.89,50.02,36.0,Normal,78.0,100,NO
09-07-2026 15:23:25,235.0,9.59,50.19,28.0,Normal,62.0,100,NO
09-07-2026 15:23:27,226.0,9.45,50.1,37.0,Normal,51.0,100,NO
09-07-2026 15:23:29,234.0,6.46,50.07,55.0,Normal,54.0,100,NO
09-07-2026 15:23:30,222.0,5.99,50.1,29.0,Normal,100.0,100,NO
09-07-2026 15:23:32,238.0,3.7,49.93,28.0,Normal,100.0,100,NO
09-07-2026 15:23:33,238.0,3.54,50.11,39.0,Normal,55.0,100,NO
09-07-2026 15:23:35,238.0,5.48,49.96,29.0,Normal,100.0,100,NO
09-07-2026 15:23:37,236.0,8.35,49.89,30.0,Normal,88.0,100,NO
09-07-2026 15:23:38,235.0,8.1,49.91,34.0,Normal,88.0,100,NO
09-07-2026 15:23:39,239.0,10.14,50.05,33.0,Overload,68.0,45,YES
09-07-2026 16:00:45,230.0,5.0,50.0,30.0,Normal,100.0,100,NO
09-07-2026 16:00:49,230.0,5.0,50.0,30.0,Normal,100.0,100,NO
09-07-2026 16:01:01,226.0,8.43,49.9,25.0,Normal,88.0,100,NO
09-07-2026 16:01:06,230.0,12.74,49.89,28.0,Overload,68.0,45,YES
09-07-2026 16:02:23,230.0,5.0,50.0,30.0,Normal,100.0,100,NO
09-07-2026 16:02:26,230.0,5.0,50.0,30.0,Normal,100.0,100,NO
09-07-2026 16:02:30,230.0,5.0,50.0,30.0,Normal,100.0,100,NO
09-07-2026 16:02:31,230.0,5.0,50.0,30.0,Normal,100.0,100,NO
09-07-2026 16:02:38,223.0,8.99,49.94,36.0,Normal,76.0,100,NO
09-07-2026 16:05:35,221.0,4.79,49.85,52.0,Normal,53.0,100,NO
09-07-2026 16:05:49,229.0,9.46,49.96,28.0,Normal,62.0,100,NO
09-07-2026 16:05:50,224.0,7.87,50.03,27.0,Normal,100.0,100,NO
09-07-2026 16:05:54,229.0,10.85,50.03,31.0,Overload,68.0,45,YES
09-07-2026 18:53:33,230.0,5.0,50.0,30.0,Normal,100.0,100,NO
09-07-2026 18:53:57,230.0,5.0,50.0,30.0,Normal,100.0,100,NO
09-07-2026 18:54:13,234.0,5.55,50.1,41.0,Normal,54.0,100,NO
09-07-2026 18:54:20,220.0,6.99,50.19,54.0,Normal,54.0,100,NO
09-07-2026 18:54:22,233.0,14.78,49.92,42.0,Overload,99.0,45,YES
09-07-2026 19:01:24,232.0,14.91,49.82,33.0,Overload,68.0,45,YES
09-07-2026 19:08:43,228.0,12.62,50.05,36.0,Overload,71.0,45,YES
09-07-2026 19:18:33,232.0,12.08,49.93,31.0,Overload,68.0,45,YES
09-07-2026 19:29:38,220.0,10.62,50.1,55.0,Overload,99.0,45,YES
09-07-2026 19:48:19,280.0,16.0,50.97,44.0,Overvoltage,60.0,40,YES
09-07-2026 19:48:28,226.0,4.0,49.83,25.0,Normal,100.0,100,NO
09-07-2026 19:48:38,240.0,3.25,49.95,28.0,Normal,100.0,100,NO
09-07-2026 19:59:16,230.0,5.0,50.0,30.0,Normal,100.0,100,NO
09-07-2026 19:59:29,235.0,4.16,50.05,28.0,Normal,100.0,100,NO
09-07-2026 19:59:32,227.0,9.89,49.9,49.0,Overload,53.0,45,YES
09-07-2026 20:00:04,228.0,14.17,50.07,49.0,Overload,99.0,45,YES
09-07-2026 20:14:34,269.0,14.0,50.78,50.0,Overvoltage,53.0,40,YES
09-07-2026 20:14:36,237.0,7.0,49.29,25.0,Normal,66.0,100,NO
09-07-2026 20:14:52,229.0,13.69,50.03,31.0,Overload,68.0,45,YES
09-07-2026 20:30:15,233.0,12.96,49.94,50.0,Overload,99.0,45,YES
09-07-2026 20:37:57,228.0,8.17,50.19,26.0,Normal,87.0,100,NO
09-07-2026 20:48:33,230.0,5.0,50.0,30.0,Normal,100.0,100,NO
09-07-2026 20:58:11,230.0,5.0,50.0,30.0,Normal,100.0,100,NO
09-07-2026 22:48:21,230.0,5.0,50.0,30.0,Normal,100.0,100,NO
09-07-2026 23:07:50,230.0,5.0,50.0,30.0,Normal,100.0,100,NO
09-07-2026 23:24:22,212.0,18.0,49.38,59.0,Overload,98.0,45,YES
09-07-2026 23:41:48,231.5,4.44,50.07,29.1,Normal,100.0,100,NO
09-07-2026 23:42:01,235.3,10.09,50.06,30.0,Overload,68.0,45,YES
09-07-2026 23:43:01,150.0,5.0,45.0,30.0,Undervoltage,100.0,50,YES
10-07-2026 00:20:09,220.0,7.44,50.14,39.0,Normal,56.0,100,NO
10-07-2026 00:20:18,223.0,9.1,49.91,35.0,Normal,65.0,100,NO
10-07-2026 00:20:20,232.0,12.2,50.13,47.0,Overload,99.0,45,YES
10-07-2026 00:52:23,230.0,5.08,50.0,30.4,Normal,100.0,100,NO
10-07-2026 00:52:29,229.0,4.71,50.02,30.3,Normal,100.0,100,NO
10-07-2026 00:52:30,230.6,4.8,49.96,30.5,Normal,100.0,100,NO
10-07-2026 00:52:31,232.4,5.1,49.92,30.3,Normal,100.0,100,NO
10-07-2026 00:52:32,233.5,5.1,50.0,29.9,Normal,100.0,100,NO
10-07-2026 00:52:33,234.7,5.33,50.05,29.8,Normal,100.0,100,NO
10-07-2026 00:52:34,232.8,5.35,49.99,29.9,Normal,100.0,100,NO
10-07-2026 00:52:35,233.0,5.6,50.06,30.3,Normal,100.0,100,NO
10-07-2026 00:52:35,231.5,5.46,50.13,30.4,Normal,100.0,100,NO
10-07-2026 00:52:36,232.1,5.23,50.06,30.7,Normal,100.0,100,NO
10-07-2026 00:52:37,230.4,5.25,50.12,30.6,Normal,100.0,100,NO
10-07-2026 00:52:38,231.6,5.5,50.06,30.5,Normal,100.0,100,NO
10-07-2026 00:52:39,233.4,5.34,50.08,30.9,Normal,100.0,100,NO
10-07-2026 00:52:40,235.4,11.58,50.04,30.7,Overload,68.0,45,YES
10-07-2026 00:52:41,235.5,17.77,50.06,31.0,Overload,68.0,45,YES
10-07-2026 00:52:43,235.0,23.95,50.11,30.7,Overload,68.0,45,YES
10-07-2026 00:52:44,233.9,24.0,50.11,30.3,Overload,68.0,45,YES
10-07-2026 00:52:44,233.4,24.0,50.19,30.4,Overload,68.0,45,YES
10-07-2026 00:52:45,234.1,24.0,50.24,30.2,Overload,67.0,45,YES
10-07-2026 00:52:46,235.5,24.0,50.26,29.7,Overload,67.0,45,YES
10-07-2026 00:52:47,234.6,24.0,50.34,29.9,Overload,67.0,45,YES
10-07-2026 00:52:48,235.2,24.0,50.26,29.8,Overload,67.0,45,YES
10-07-2026 00:52:49,234.2,24.0,50.26,29.5,Overload,67.0,45,YES
10-07-2026 00:52:50,234.2,24.0,50.18,29.8,Overload,68.0,45,YES
10-07-2026 00:52:51,235.3,24.0,50.25,29.6,Overload,67.0,45,YES
10-07-2026 00:52:52,235.2,24.0,50.29,29.4,Overload,67.0,45,YES
10-07-2026 00:52:53,234.6,24.0,50.32,29.9,Overload,67.0,45,YES
10-07-2026 00:52:54,236.4,24.0,50.36,29.6,Overload,67.0,45,YES
10-07-2026 00:52:55,271.5,18.0,50.35,29.3,Overvoltage,55.0,40,YES
10-07-2026 00:52:56,306.0,17.95,50.3,29.3,Overvoltage,61.0,40,YES
10-07-2026 00:52:57,315.0,18.0,50.3,29.6,Overvoltage,61.0,40,YES
10-07-2026 00:52:58,315.0,18.0,50.33,29.6,Overvoltage,61.0,40,YES
10-07-2026 00:52:59,315.0,18.0,50.31,29.6,Overvoltage,61.0,40,YES
10-07-2026 00:53:00,315.0,18.0,50.31,30.0,Overvoltage,61.0,40,YES
10-07-2026 00:53:01,315.0,17.85,50.23,29.8,Overvoltage,61.0,40,YES
10-07-2026 00:53:02,315.0,18.0,50.19,29.8,Overvoltage,60.0,40,YES
10-07-2026 00:53:03,315.0,17.86,50.14,29.9,Overvoltage,60.0,40,YES
10-07-2026 00:53:04,315.0,17.92,50.2,29.7,Overvoltage,60.0,40,YES
10-07-2026 00:53:05,315.0,17.92,50.17,30.0,Overvoltage,60.0,40,YES
10-07-2026 00:53:06,315.0,17.79,50.17,29.7,Overvoltage,60.0,40,YES
10-07-2026 00:53:07,315.0,18.0,50.18,29.4,Overvoltage,60.0,40,YES
10-07-2026 00:53:08,315.0,17.78,50.17,28.9,Overvoltage,60.0,40,YES
10-07-2026 00:53:09,315.0,17.62,50.18,29.1,Overvoltage,60.0,40,YES
10-07-2026 00:53:10,245.0,17.59,50.15,28.8,Overload,69.0,45,YES
10-07-2026 00:53:11,208.3,17.35,50.17,29.0,Overload,68.0,45,YES
10-07-2026 00:53:12,175.3,17.62,50.21,28.9,Overload,60.0,45,YES
10-07-2026 00:53:13,145.0,17.77,50.25,29.0,Overload,60.0,45,YES
10-07-2026 00:53:14,145.0,17.59,50.21,29.4,Overload,60.0,45,YES
10-07-2026 00:53:15,145.0,17.87,50.15,29.8,Overload,61.0,45,YES
10-07-2026 00:53:16,145.0,18.0,50.17,30.0,Overload,61.0,45,YES
10-07-2026 00:53:17,145.0,18.0,50.19,29.9,Overload,61.0,45,YES
10-07-2026 00:53:18,145.0,18.0,50.19,30.0,Overload,61.0,45,YES
10-07-2026 00:53:19,145.0,17.8,50.26,30.2,Overload,60.0,45,YES
10-07-2026 00:53:20,145.0,17.53,50.23,30.6,Overload,60.0,45,YES
10-07-2026 00:53:21,145.0,17.57,50.29,30.3,Overload,60.0,45,YES
10-07-2026 00:53:22,145.0,17.4,50.3,30.1,Overload,60.0,45,YES
10-07-2026 00:53:23,145.0,17.68,50.33,29.7,Overload,60.0,45,YES
10-07-2026 00:53:24,145.0,17.76,50.34,29.9,Overload,60.0,45,YES
10-07-2026 00:53:25,180.0,0.0,50.3,30.2,Undervoltage,54.0,50,YES
10-07-2026 00:53:26,181.9,0.0,50.25,30.2,Undervoltage,54.0,50,YES
10-07-2026 00:53:27,180.6,0.0,50.22,30.1,Undervoltage,54.0,50,YES
10-07-2026 00:53:28,181.5,0.0,50.25,29.8,Undervoltage,54.0,50,YES
10-07-2026 00:53:29,180.7,0.0,50.27,29.4,Undervoltage,54.0,50,YES
10-07-2026 00:53:30,180.0,0.0,50.19,29.9,Undervoltage,63.0,50,YES
10-07-2026 00:53:31,181.8,0.0,50.24,29.8,Undervoltage,54.0,50,YES
10-07-2026 00:53:32,182.5,0.0,50.32,30.1,Undervoltage,54.0,50,YES
10-07-2026 00:53:33,184.1,0.0,50.39,30.0,Undervoltage,54.0,50,YES
10-07-2026 00:53:34,184.9,0.0,50.35,30.1,Undervoltage,54.0,50,YES
10-07-2026 00:53:35,183.8,0.0,50.35,30.1,Undervoltage,54.0,50,YES
10-07-2026 00:53:36,182.4,0.0,50.42,30.4,Undervoltage,54.0,50,YES
10-07-2026 00:53:37,181.5,0.0,50.43,30.3,Undervoltage,54.0,50,YES
10-07-2026 00:53:38,180.0,0.0,50.35,30.2,Undervoltage,54.0,50,YES
10-07-2026 00:53:39,180.0,0.0,50.42,29.7,Undervoltage,54.0,50,YES
10-07-2026 00:53:40,180.2,2.0,50.47,30.2,Undervoltage,83.0,50,YES
10-07-2026 00:53:41,180.0,2.28,50.4,29.9,Undervoltage,83.0,50,YES
10-07-2026 00:53:42,180.0,2.2,50.39,30.4,Undervoltage,83.0,50,YES
10-07-2026 00:53:43,180.6,2.17,50.33,30.8,Undervoltage,83.0,50,YES
10-07-2026 00:53:44,180.0,2.22,50.38,30.9,Undervoltage,83.0,50,YES
10-07-2026 00:53:45,180.0,2.37,50.36,30.7,Undervoltage,83.0,50,YES
10-07-2026 00:53:46,180.2,2.33,50.29,30.6,Undervoltage,83.0,50,YES
10-07-2026 00:53:47,180.0,2.52,50.3,30.2,Undervoltage,83.0,50,YES
10-07-2026 00:53:48,180.0,2.56,50.31,30.5,Undervoltage,83.0,50,YES
10-07-2026 00:53:49,180.0,2.46,50.24,30.7,Undervoltage,83.0,50,YES
10-07-2026 00:53:50,181.9,2.19,50.3,30.7,Undervoltage,83.0,50,YES
10-07-2026 00:53:51,181.4,2.03,50.22,30.8,Undervoltage,83.0,50,YES
10-07-2026 00:53:52,180.8,2.05,50.3,31.3,Undervoltage,83.0,50,YES
10-07-2026 00:53:53,182.3,2.13,50.26,31.6,Undervoltage,83.0,50,YES
10-07-2026 00:53:54,181.1,2.12,50.31,32.0,Undervoltage,83.0,50,YES
10-07-2026 00:53:55,182.7,8.09,50.38,31.7,Undervoltage,70.0,50,YES
10-07-2026 00:53:56,184.3,14.23,50.4,31.8,Overload,60.0,45,YES
10-07-2026 00:53:57,185.7,20.16,50.43,31.5,Overload,60.0,45,YES
10-07-2026 00:53:58,187.5,24.0,50.51,31.1,Overload,57.0,45,YES
10-07-2026 00:53:59,188.7,24.0,50.49,31.5,Overload,57.0,45,YES
10-07-2026 00:54:00,189.6,24.0,50.48,31.9,Overload,57.0,45,YES
10-07-2026 00:54:01,188.0,24.0,50.47,31.5,Overload,57.0,45,YES
10-07-2026 00:54:02,186.3,24.0,50.54,31.8,Overload,57.0,45,YES
10-07-2026 00:54:03,185.1,24.0,50.5,31.9,Overload,57.0,45,YES
10-07-2026 21:12:45,230.0,5.0,50.0,30.0,Normal,100.0,100,NO
10-07-2026 21:13:08,240.0,12.07,49.91,39.0,Overload,98.0,45,YES
10-07-2026 21:13:27,229.8,5.07,49.98,30.5,Normal,100.0,100,NO
10-07-2026 21:13:29,228.2,5.11,50.01,30.3,Normal,100.0,100,NO
10-07-2026 21:13:30,227.0,5.15,50.0,30.0,Normal,100.0,100,NO
10-07-2026 21:13:32,228.1,5.35,50.06,29.6,Normal,100.0,100,NO
10-07-2026 21:13:33,227.7,5.57,50.13,29.2,Normal,100.0,100,NO
10-07-2026 21:13:34,227.5,5.72,50.15,29.5,Normal,100.0,100,NO
10-07-2026 21:13:35,226.3,5.78,50.22,29.7,Normal,75.0,100,NO
10-07-2026 21:13:36,228.3,6.07,50.29,29.7,Normal,75.0,100,NO
10-07-2026 21:13:36,227.7,6.06,50.33,29.9,Normal,75.0,100,NO
10-07-2026 21:13:38,227.7,6.32,50.4,29.7,Normal,75.0,100,NO
10-07-2026 21:13:43,227.7,6.42,50.42,29.7,Normal,75.0,100,NO
10-07-2026 21:13:44,229.0,6.63,50.34,29.9,Normal,75.0,100,NO
10-07-2026 21:13:45,230.7,6.51,50.28,29.8,Normal,75.0,100,NO
10-07-2026 21:13:46,229.7,6.26,50.21,30.3,Normal,76.0,100,NO
10-07-2026 21:13:47,231.2,12.41,50.26,30.2,Overload,67.0,45,YES
10-07-2026 21:13:48,231.1,18.71,50.19,30.0,Overload,68.0,45,YES
10-07-2026 21:13:49,232.7,24.0,50.16,29.9,Overload,68.0,45,YES
10-07-2026 21:13:50,231.9,24.0,50.18,29.5,Overload,68.0,45,YES
10-07-2026 21:13:51,232.7,24.0,50.11,29.9,Overload,68.0,45,YES
10-07-2026 21:13:52,232.0,24.0,50.15,30.2,Overload,68.0,45,YES
10-07-2026 21:13:53,232.4,24.0,50.2,30.4,Overload,68.0,45,YES
10-07-2026 21:13:54,234.4,24.0,50.13,30.1,Overload,68.0,45,YES
10-07-2026 21:13:56,233.0,24.0,50.08,29.6,Overload,68.0,45,YES
10-07-2026 21:13:57,231.2,24.0,50.15,29.5,Overload,68.0,45,YES
10-07-2026 21:13:58,232.6,24.0,50.16,29.3,Overload,68.0,45,YES
10-07-2026 21:13:59,230.8,24.0,50.14,29.7,Overload,68.0,45,YES
10-07-2026 21:14:00,228.8,24.0,50.09,30.1,Overload,68.0,45,YES
10-07-2026 21:14:02,229.4,24.0,50.11,30.4,Overload,68.0,45,YES
10-07-2026 21:14:03,263.4,18.0,50.08,30.9,Overvoltage,54.0,40,YES
10-07-2026 21:14:03,296.9,17.98,50.09,31.0,Overvoltage,60.0,40,YES
10-07-2026 21:14:04,315.0,17.78,50.05,30.7,Overvoltage,60.0,40,YES
10-07-2026 21:14:05,315.0,17.59,50.04,30.9,Overvoltage,60.0,40,YES
10-07-2026 21:14:06,315.0,17.74,50.03,31.1,Overvoltage,60.0,40,YES
10-07-2026 21:14:07,315.0,17.61,50.1,30.7,Overvoltage,60.0,40,YES
10-07-2026 21:14:08,315.0,17.6,50.14,30.7,Overvoltage,60.0,40,YES
10-07-2026 21:14:09,315.0,17.87,50.11,30.8,Overvoltage,60.0,40,YES
10-07-2026 21:14:10,315.0,18.0,50.04,30.8,Overvoltage,60.0,40,YES
10-07-2026 21:14:11,315.0,18.0,50.05,31.1,Overvoltage,60.0,40,YES
10-07-2026 21:14:12,315.0,18.0,50.06,31.0,Overvoltage,60.0,40,YES
10-07-2026 21:14:13,315.0,18.0,50.13,30.9,Overvoltage,60.0,40,YES
10-07-2026 21:14:14,315.0,17.88,50.14,30.6,Overvoltage,60.0,40,YES
10-07-2026 21:14:15,315.0,17.78,50.06,30.5,Overvoltage,60.0,40,YES
10-07-2026 21:14:16,315.0,17.64,50.12,30.1,Overvoltage,60.0,40,YES
10-07-2026 21:14:17,245.0,17.64,50.13,29.8,Overload,69.0,45,YES
10-07-2026 21:14:18,210.6,17.66,50.09,29.9,Overload,68.0,45,YES
10-07-2026 21:14:19,175.3,17.6,50.01,30.3,Overload,61.0,45,YES
10-07-2026 21:14:20,145.0,17.42,49.98,30.2,Overload,61.0,45,YES
10-07-2026 21:14:21,145.0,17.29,50.03,30.4,Overload,61.0,45,YES
10-07-2026 21:14:22,145.0,17.48,50.04,30.4,Overload,61.0,45,YES
10-07-2026 21:14:23,145.0,17.4,50.04,30.6,Overload,61.0,45,YES
10-07-2026 21:14:24,145.0,17.35,50.03,30.6,Overload,61.0,45,YES
10-07-2026 21:14:25,145.0,17.1,50.0,30.8,Overload,61.0,45,YES
10-07-2026 21:14:26,145.0,16.83,49.93,30.7,Overload,61.0,45,YES
10-07-2026 21:14:27,145.0,16.77,49.91,30.6,Overload,61.0,45,YES
10-07-2026 21:14:28,145.0,16.94,49.94,31.0,Overload,61.0,45,YES
10-07-2026 21:14:29,145.0,16.85,49.87,31.2,Overload,61.0,45,YES
10-07-2026 21:14:30,145.0,16.81,49.89,31.5,Overload,61.0,45,YES
10-07-2026 21:14:31,145.0,16.81,49.83,31.7,Overload,61.0,45,YES
10-07-2026 21:14:32,180.0,0.0,49.81,31.6,Undervoltage,67.0,50,YES
10-07-2026 21:14:33,180.0,0.0,49.8,31.6,Undervoltage,67.0,50,YES
10-07-2026 21:14:34,180.0,0.0,49.79,32.0,Undervoltage,67.0,50,YES
10-07-2026 21:14:35,181.7,0.0,49.72,32.4,Undervoltage,67.0,50,YES
10-07-2026 21:14:36,180.3,0.0,49.8,32.8,Undervoltage,67.0,50,YES
10-07-2026 21:14:37,180.3,0.0,49.81,32.5,Undervoltage,67.0,50,YES
10-07-2026 21:14:38,180.3,0.0,49.86,32.3,Undervoltage,67.0,50,YES
10-07-2026 21:14:39,181.3,0.0,49.84,32.0,Undervoltage,67.0,50,YES
10-07-2026 21:14:40,183.0,0.0,49.79,31.5,Undervoltage,67.0,50,YES
10-07-2026 21:14:41,182.4,0.0,49.8,31.6,Undervoltage,67.0,50,YES
10-07-2026 21:14:42,184.0,0.0,49.74,31.9,Undervoltage,67.0,50,YES
10-07-2026 21:15:08,236.0,5.57,50.18,27.0,Normal,100.0,100,NO
10-07-2026 21:15:17,229.0,8.16,49.86,32.0,Normal,88.0,100,NO
10-07-2026 21:15:29,230.0,11.33,50.17,37.0,Overload,71.0,45,YES
10-07-2026 21:23:53,230.0,5.0,50.0,30.0,Normal,100.0,100,NO
10-07-2026 21:53:49,230.0,5.0,50.0,30.0,Normal,100.0,100,NO
10-07-2026 21:57:25,230.0,5.0,50.0,30.0,Normal,100.0,100,NO
10-07-2026 22:03:33,231.7,4.93,50.05,29.7,Normal,100.0,100,NO
10-07-2026 22:03:35,231.6,5.1,50.06,30.0,Normal,100.0,100,NO
10-07-2026 22:03:36,232.3,4.97,50.09,30.5,Normal,100.0,100,NO
10-07-2026 22:03:37,233.9,5.18,50.1,31.0,Normal,100.0,100,NO
10-07-2026 22:03:38,234.9,4.96,50.05,30.9,Normal,100.0,100,NO
10-07-2026 22:03:39,234.1,4.75,50.01,31.1,Normal,100.0,100,NO
10-07-2026 22:03:40,232.3,5.04,49.96,31.5,Normal,100.0,100,NO
10-07-2026 22:03:41,231.5,4.78,49.93,31.7,Normal,100.0,100,NO
10-07-2026 22:03:42,232.6,5.07,49.95,31.4,Normal,100.0,100,NO
10-07-2026 22:03:43,231.8,4.85,49.98,31.9,Normal,100.0,100,NO
10-07-2026 22:03:44,232.1,4.96,49.96,31.7,Normal,100.0,100,NO
10-07-2026 22:03:45,231.7,5.24,50.03,32.1,Normal,100.0,100,NO
10-07-2026 22:03:46,231.6,5.06,50.0,31.6,Normal,100.0,100,NO
10-07-2026 22:03:47,231.9,4.8,50.04,31.9,Normal,100.0,100,NO
10-07-2026 22:03:48,231.7,10.98,50.03,31.5,Overload,68.0,45,YES
10-07-2026 22:03:52,230.4,17.04,50.05,31.2,Overload,68.0,45,YES
10-07-2026 22:03:53,229.8,23.07,50.09,31.1,Overload,68.0,45,YES
10-07-2026 22:03:54,231.3,24.0,50.17,30.8,Overload,68.0,45,YES
10-07-2026 22:03:55,233.1,24.0,50.17,30.6,Overload,68.0,45,YES
10-07-2026 22:03:56,234.9,24.0,50.1,31.0,Overload,68.0,45,YES
10-07-2026 22:03:57,235.1,24.0,50.15,30.8,Overload,68.0,45,YES
10-07-2026 22:03:58,234.6,24.0,50.1,31.2,Overload,68.0,45,YES
10-07-2026 22:03:59,235.2,24.0,50.1,31.3,Overload,68.0,45,YES
10-07-2026 22:04:00,233.7,24.0,50.16,31.4,Overload,68.0,45,YES
10-07-2026 22:04:01,234.1,24.0,50.09,31.3,Overload,68.0,45,YES
10-07-2026 22:04:02,233.3,24.0,50.15,31.6,Overload,68.0,45,YES
10-07-2026 22:04:03,232.6,24.0,50.1,31.6,Overload,68.0,45,YES
10-07-2026 22:04:04,231.3,24.0,50.15,31.2,Overload,68.0,45,YES
10-07-2026 22:04:05,231.6,24.0,50.23,31.3,Overload,67.0,45,YES
10-07-2026 22:04:06,264.9,18.0,50.16,31.5,Overvoltage,54.0,40,YES
10-07-2026 22:04:07,301.9,18.0,50.17,31.4,Overvoltage,60.0,40,YES
10-07-2026 22:04:08,315.0,18.0,50.12,31.2,Overvoltage,60.0,40,YES
10-07-2026 22:04:09,315.0,18.0,50.13,31.4,Overvoltage,60.0,40,YES
10-07-2026 22:04:10,315.0,18.0,50.19,31.0,Overvoltage,60.0,40,YES
10-07-2026 22:04:11,315.0,17.97,50.19,30.9,Overvoltage,60.0,40,YES
10-07-2026 22:04:12,315.0,17.82,50.22,30.7,Overvoltage,61.0,40,YES
10-07-2026 22:04:13,315.0,17.56,50.23,30.8,Overvoltage,61.0,40,YES
10-07-2026 22:04:14,315.0,17.64,50.17,30.4,Overvoltage,60.0,40,YES
10-07-2026 22:04:15,315.0,17.89,50.21,30.8,Overvoltage,61.0,40,YES
10-07-2026 22:04:16,315.0,17.8,50.26,31.1,Overvoltage,61.0,40,YES
10-07-2026 22:04:17,315.0,17.52,50.31,31.6,Overvoltage,61.0,40,YES
10-07-2026 22:04:18,315.0,17.43,50.34,31.4,Overvoltage,61.0,40,YES
10-07-2026 22:04:19,315.0,17.5,50.36,31.7,Overvoltage,61.0,40,YES
10-07-2026 22:04:20,315.0,17.8,50.4,31.7,Overvoltage,61.0,40,YES
10-07-2026 22:04:21,245.0,17.85,50.36,31.7,Overload,68.0,45,YES
10-07-2026 22:04:22,210.1,17.83,50.42,32.1,Overload,67.0,45,YES
10-07-2026 22:04:23,174.1,17.89,50.46,32.0,Overload,60.0,45,YES
10-07-2026 22:04:24,145.0,17.89,50.44,31.8,Overload,60.0,45,YES
10-07-2026 22:04:25,145.0,17.96,50.48,32.1,Overload,57.0,45,YES
10-07-2026 22:04:26,145.0,17.72,50.4,32.6,Overload,60.0,45,YES
10-07-2026 22:04:27,145.0,17.43,50.47,32.7,Overload,57.0,45,YES
10-07-2026 22:04:34,230.0,5.0,50.0,30.0,Normal,100.0,100,NO
10-07-2026 22:05:06,0.0,0.0,0.0,0.0,Line Break,100.0,20,YES
10-07-2026 22:09:15,230.0,5.0,50.0,30.0,Normal,100.0,100,NO
10-07-2026 22:09:42,150.0,3.0,50.0,30.0,Undervoltage,99.0,50,YES
10-07-2026 22:10:00,235.0,12.0,50.04,46.0,Overload,99.0,45,YES
10-07-2026 22:10:06,220.0,5.12,49.87,48.0,Normal,53.0,100,NO
10-07-2026 22:10:11,228.0,11.72,49.9,37.0,Overload,71.0,45,YES
10-07-2026 22:10:14,222.0,7.45,50.05,55.0,Normal,54.0,100,NO
10-07-2026 22:10:15,230.0,5.37,49.91,43.0,Normal,54.0,100,NO
10-07-2026 22:10:17,229.0,3.19,50.06,26.0,Normal,100.0,100,NO
10-07-2026 22:10:18,230.0,7.39,50.15,55.0,Normal,54.0,100,NO
10-07-2026 22:10:19,229.0,13.75,50.02,26.0,Overload,68.0,45,YES
10-07-2026 22:10:20,240.0,14.89,50.07,27.0,Overload,69.0,45,YES
10-07-2026 22:10:22,226.0,3.69,50.02,41.0,Normal,54.0,100,NO
10-07-2026 22:10:24,233.0,4.98,50.17,30.0,Normal,100.0,100,NO
10-07-2026 22:10:25,223.0,6.29,50.09,51.0,Normal,54.0,100,NO
10-07-2026 22:10:27,231.0,3.7,50.02,30.0,Normal,100.0,100,NO
10-07-2026 22:10:28,234.0,4.29,49.85,46.0,Normal,53.0,100,NO
10-07-2026 22:10:29,222.0,12.89,50.19,40.0,Overload,99.0,45,YES
10-07-2026 22:10:32,234.0,5.49,50.03,39.0,Normal,55.0,100,NO
10-07-2026 22:10:33,226.0,9.06,49.8,52.0,Overload,53.0,45,YES
10-07-2026 22:10:35,237.0,6.23,50.19,25.0,Normal,100.0,100,NO
10-07-2026 22:10:36,230.0,13.64,49.82,35.0,Overload,68.0,45,YES
10-07-2026 22:10:38,240.0,6.22,50.05,26.0,Normal,100.0,100,NO
10-07-2026 22:10:39,221.0,14.79,50.08,41.0,Overload,99.0,45,YES
10-07-2026 22:16:01,230.0,5.0,50.0,30.0,Normal,100.0,100,NO
10-07-2026 22:16:16,229.8,5.08,49.98,29.6,Normal,100.0,100,NO
10-07-2026 22:16:18,230.0,5.04,50.03,29.6,Normal,100.0,100,NO
10-07-2026 22:16:19,229.8,5.02,50.08,29.3,Normal,100.0,100,NO
10-07-2026 22:16:20,228.3,4.83,50.0,29.7,Normal,100.0,100,NO
10-07-2026 22:16:21,229.4,4.54,50.02,29.9,Normal,100.0,100,NO
10-07-2026 22:16:23,229.4,4.39,49.97,30.4,Normal,100.0,100,NO
10-07-2026 22:16:23,228.6,4.2,49.96,30.1,Normal,100.0,100,NO
10-07-2026 22:16:24,227.4,4.37,49.9,29.6,Normal,100.0,100,NO
10-07-2026 22:16:25,227.0,4.38,49.87,29.8,Normal,100.0,100,NO
10-07-2026 22:16:26,225.3,4.11,49.85,29.9,Normal,100.0,100,NO
10-07-2026 22:16:27,223.9,4.1,49.86,29.6,Normal,100.0,100,NO
10-07-2026 22:16:28,223.2,4.36,49.93,29.9,Normal,100.0,100,NO
10-07-2026 22:16:29,224.6,4.51,49.89,30.0,Normal,100.0,100,NO
10-07-2026 22:16:30,225.6,4.69,49.85,29.7,Normal,100.0,100,NO
10-07-2026 22:16:31,225.0,10.68,49.89,29.4,Overload,68.0,45,YES
10-07-2026 22:16:36,224.3,22.73,49.92,29.3,Overload,68.0,45,YES
10-07-2026 22:16:37,224.4,24.0,49.92,28.9,Overload,68.0,45,YES
10-07-2026 22:16:38,224.8,24.0,49.85,28.4,Overload,68.0,45,YES
10-07-2026 22:16:39,226.5,24.0,49.84,28.9,Overload,68.0,45,YES
10-07-2026 22:16:40,226.6,24.0,49.82,29.0,Overload,68.0,45,YES
10-07-2026 22:16:41,226.5,24.0,49.84,29.4,Overload,68.0,45,YES
10-07-2026 22:16:42,226.5,24.0,49.77,29.3,Overload,68.0,45,YES
10-07-2026 22:16:43,225.8,24.0,49.79,28.9,Overload,68.0,45,YES
10-07-2026 22:16:44,227.5,24.0,49.83,28.8,Overload,68.0,45,YES
10-07-2026 22:16:45,228.3,24.0,49.89,28.4,Overload,68.0,45,YES
10-07-2026 22:16:46,229.9,24.0,49.93,28.5,Overload,68.0,45,YES
10-07-2026 22:16:47,231.4,24.0,49.96,28.0,Overload,68.0,45,YES
10-07-2026 22:16:48,229.9,24.0,49.92,27.5,Overload,68.0,45,YES
10-07-2026 22:16:49,264.3,18.0,49.87,27.2,Overvoltage,54.0,40,YES
10-07-2026 22:16:51,300.2,18.0,49.88,26.9,Overvoltage,60.0,40,YES
10-07-2026 22:16:51,315.0,17.71,49.93,26.9,Overvoltage,60.0,40,YES
10-07-2026 22:16:52,315.0,17.93,49.86,27.4,Overvoltage,60.0,40,YES
10-07-2026 22:16:53,315.0,18.0,49.93,26.9,Overvoltage,60.0,40,YES
10-07-2026 22:16:54,315.0,18.0,50.01,27.1,Overvoltage,60.0,40,YES
10-07-2026 22:16:55,315.0,18.0,50.01,27.6,Overvoltage,60.0,40,YES
10-07-2026 22:16:56,315.0,18.0,50.02,27.3,Overvoltage,60.0,40,YES
10-07-2026 22:16:57,315.0,17.98,49.97,27.3,Overvoltage,60.0,40,YES
10-07-2026 22:16:58,315.0,18.0,50.0,27.4,Overvoltage,60.0,40,YES
10-07-2026 22:16:59,315.0,18.0,49.94,27.8,Overvoltage,60.0,40,YES
10-07-2026 22:17:00,315.0,18.0,49.94,27.3,Overvoltage,60.0,40,YES
10-07-2026 22:17:02,315.0,17.92,49.92,27.1,Overvoltage,60.0,40,YES
10-07-2026 22:17:02,315.0,17.7,49.84,27.3,Overvoltage,60.0,40,YES
10-07-2026 22:17:03,315.0,17.8,49.9,26.9,Overvoltage,60.0,40,YES
10-07-2026 22:17:04,245.0,17.7,49.92,27.0,Overload,69.0,45,YES
10-07-2026 22:17:05,211.2,17.43,49.97,27.3,Overload,68.0,45,YES
10-07-2026 22:17:06,175.4,17.65,49.92,27.6,Overload,61.0,45,YES
10-07-2026 22:17:08,145.0,17.54,49.91,27.8,Overload,61.0,45,YES
10-07-2026 22:17:08,145.0,17.6,49.84,27.8,Overload,61.0,45,YES
10-07-2026 22:17:09,145.0,17.83,49.86,27.5,Overload,61.0,45,YES
10-07-2026 22:17:10,145.0,17.68,49.88,27.1,Overload,61.0,45,YES
10-07-2026 22:17:11,145.0,17.47,49.92,27.5,Overload,61.0,45,YES
10-07-2026 22:26:25,230.0,5.0,50.0,30.0,Normal,100.0,100,NO
10-07-2026 22:26:51,240.0,5.0,50.0,30.0,Normal,100.0,100,NO
10-07-2026 22:27:11,240.0,10.0,50.0,30.0,Overload,49.0,45,YES
10-07-2026 22:27:34,280.0,5.0,50.0,30.0,Overvoltage,94.0,40,YES
10-07-2026 22:40:39,230.0,5.0,50.0,30.0,Normal,100.0,100,NO
10-07-2026 22:41:11,0.0,0.0,50.0,30.0,Line Break,64.0,20,YES
10-07-2026 22:51:50,230.3,4.72,49.98,29.9,Normal,100.0,100,NO
10-07-2026 22:51:55,232.1,4.99,50.06,29.5,Normal,100.0,100,NO
10-07-2026 22:51:57,233.3,4.76,50.09,29.4,Normal,100.0,100,NO
10-07-2026 22:51:58,231.7,4.57,50.11,28.9,Normal,100.0,100,NO
10-07-2026 22:51:59,229.8,4.85,50.17,29.4,Normal,100.0,100,NO
10-07-2026 22:52:00,228.8,4.57,50.23,29.4,Normal,75.0,100,NO
10-07-2026 22:52:01,228.0,4.46,50.22,29.4,Normal,75.0,100,NO
10-07-2026 22:52:02,226.2,4.51,50.26,28.9,Normal,75.0,100,NO
10-07-2026 22:52:03,224.5,4.38,50.26,29.2,Normal,75.0,100,NO
10-07-2026 22:52:04,225.2,4.33,50.32,29.1,Normal,75.0,100,NO
10-07-2026 22:52:05,225.1,4.54,50.3,29.4,Normal,75.0,100,NO
10-07-2026 22:52:06,227.0,4.83,50.38,29.8,Normal,75.0,100,NO
10-07-2026 22:52:07,227.9,4.85,50.43,30.1,Normal,75.0,100,NO
10-07-2026 22:52:08,226.4,4.59,50.47,29.7,Normal,75.0,100,NO
10-07-2026 22:52:09,227.8,10.41,50.52,29.4,Overload,64.0,45,YES
10-07-2026 22:52:10,229.3,16.55,50.56,29.6,Overload,64.0,45,YES
10-07-2026 22:52:11,228.1,22.6,50.5,29.3,Overload,64.0,45,YES
10-07-2026 22:52:12,229.9,24.0,50.5,29.0,Overload,64.0,45,YES
10-07-2026 22:52:13,231.3,24.0,50.45,29.0,Overload,67.0,45,YES
10-07-2026 22:52:14,230.6,24.0,50.51,28.8,Overload,64.0,45,YES
10-07-2026 22:52:15,228.7,24.0,50.5,29.1,Overload,64.0,45,YES
10-07-2026 22:52:16,228.0,24.0,50.48,29.1,Overload,64.0,45,YES
10-07-2026 22:52:17,227.8,24.0,50.53,28.6,Overload,64.0,45,YES
10-07-2026 22:52:18,229.8,24.0,50.58,29.1,Overload,64.0,45,YES
10-07-2026 22:52:19,229.9,24.0,50.51,29.0,Overload,64.0,45,YES
10-07-2026 22:52:20,228.9,24.0,50.5,29.1,Overload,64.0,45,YES
10-07-2026 22:52:21,227.0,24.0,50.44,29.3,Overload,67.0,45,YES
10-07-2026 22:52:22,227.8,24.0,50.42,29.2,Overload,67.0,45,YES
10-07-2026 22:52:24,226.2,24.0,50.44,28.7,Overload,67.0,45,YES
10-07-2026 22:52:27,262.2,18.0,50.37,28.9,Overvoltage,55.0,40,YES
10-07-2026 22:52:29,296.8,17.96,50.38,28.5,Overvoltage,61.0,40,YES
10-07-2026 22:52:30,315.0,17.74,50.33,28.5,Overvoltage,61.0,40,YES
10-07-2026 22:52:32,315.0,17.47,50.3,28.9,Overvoltage,61.0,40,YES
10-07-2026 22:52:33,315.0,17.31,50.33,28.9,Overvoltage,61.0,40,YES
10-07-2026 22:52:34,315.0,17.44,50.35,29.0,Overvoltage,61.0,40,YES
10-07-2026 22:52:35,315.0,17.67,50.34,28.5,Overvoltage,61.0,40,YES
10-07-2026 22:52:37,315.0,17.26,50.36,28.6,Overvoltage,61.0,40,YES
10-07-2026 22:52:38,315.0,17.23,50.42,28.2,Overvoltage,61.0,40,YES
10-07-2026 22:52:42,230.0,5.0,50.0,30.0,Normal,100.0,100,NO
10-07-2026 22:58:02,230.0,11.5,49.82,51.0,Overload,99.0,45,YES
10-07-2026 22:58:21,227.0,5.11,49.95,26.0,Normal,100.0,100,NO
10-07-2026 23:03:35,231.0,5.26,49.96,33.0,Normal,100.0,100,NO
10-07-2026 23:05:43,231.0,4.57,49.84,30.0,Normal,100.0,100,NO
10-07-2026 23:11:01,230.0,5.0,50.0,30.0,Normal,100.0,100,NO
10-07-2026 23:12:23,230.0,5.0,50.0,30.0,Normal,100.0,100,NO
10-07-2026 23:16:05,230.0,5.0,50.0,30.0,Normal,100.0,100,NO
10-07-2026 23:20:58,230.0,5.0,50.0,30.0,Normal,100.0,100,NO
10-07-2026 23:23:18,230.0,5.0,50.0,30.0,Normal,100.0,100,NO
10-07-2026 23:35:22,230.0,5.0,50.0,30.0,Normal,100.0,100,NO
10-07-2026 23:36:57,230.0,5.0,50.0,30.0,Normal,100.0,100,NO
10-07-2026 23:40:52,230.0,5.0,50.0,30.0,Normal,100.0,100,NO
10-07-2026 23:54:51,230.0,5.0,50.0,30.0,Normal,100.0,100,NO
10-07-2026 23:55:09,226.0,4.23,49.9,28.0,Normal,100.0,100,NO
10-07-2026 23:55:13,226.0,9.69,49.91,47.0,Overload,53.0,45,YES
11-07-2026 00:02:29,231.0,12.97,50.1,49.0,Overload,99.0,45,YES
11-07-2026 00:02:42,238.0,3.24,50.12,43.0,Normal,54.0,100,NO
11-07-2026 00:03:50,0.0,0.0,50.0,30.0,Line Break,64.0,20,YES
11-07-2026 00:06:19,234.0,8.17,49.85,33.0,Normal,88.0,100,NO
11-07-2026 00:06:31,232.0,8.27,50.03,40.0,Normal,52.0,100,NO
11-07-2026 00:06:33,238.0,7.12,50.18,27.0,Normal,100.0,100,NO
11-07-2026 00:06:35,220.0,12.91,50.05,34.0,Overload,68.0,45,YES
11-07-2026 00:11:20,230.0,9.04,49.86,39.0,Overload,48.0,45,YES
11-07-2026 00:14:52,220.0,9.35,49.97,52.0,Overload,55.0,45,YES
11-07-2026 00:15:09,227.0,13.85,50.05,29.0,Overload,68.0,45,YES
11-07-2026 00:15:14,234.0,3.1,50.0,29.0,Normal,100.0,100,NO
11-07-2026 00:19:00,230.0,5.0,50.0,30.0,Normal,100.0,100,NO
11-07-2026 00:19:13,233.0,6.61,50.12,34.0,Normal,100.0,100,NO
11-07-2026 00:19:18,231.0,10.18,50.03,29.0,Overload,68.0,45,YES
11-07-2026 00:26:46,236.0,8.53,50.04,47.0,Normal,51.0,100,NO
11-07-2026 00:27:55,230.0,12.26,50.05,29.0,Overload,68.0,45,YES
11-07-2026 00:36:51,233.0,3.0,50.08,37.0,Normal,76.0,100,NO
11-07-2026 00:37:05,229.0,12.27,49.95,46.0,Overload,99.0,45,YES
11-07-2026 00:52:17,236.0,3.36,50.03,34.0,Normal,100.0,100,NO
11-07-2026 00:52:32,230.0,13.15,49.9,31.0,Overload,68.0,45,YES
11-07-2026 00:59:16,226.0,11.51,50.01,43.0,Overload,99.0,45,YES
11-07-2026 01:09:35,230.0,5.0,50.0,30.0,Normal,100.0,100,NO
11-07-2026 01:14:55,230.0,5.0,50.0,30.0,Normal,100.0,100,NO
11-07-2026 01:16:35,230.0,5.0,50.0,30.0,Normal,100.0,100,NO
11-07-2026 01:16:41,222.0,8.56,49.95,38.0,Normal,53.0,100,NO
11-07-2026 01:16:44,224.0,13.21,50.05,41.0,Overload,99.0,45,YES
11-07-2026 01:17:12,227.0,12.81,50.15,42.0,Overload,99.0,45,YES
11-07-2026 01:17:33,240.0,10.59,49.92,33.0,Overload,69.0,45,YES
11-07-2026 01:17:36,232.0,9.44,50.07,45.0,Overload,52.0,45,YES
11-07-2026 01:17:38,237.0,13.14,50.06,31.0,Overload,68.0,45,YES
11-07-2026 01:17:40,226.0,9.64,50.04,54.0,Overload,55.0,45,YES
11-07-2026 01:17:45,225.0,12.16,50.0,48.0,Overload,99.0,45,YES
11-07-2026 01:17:46,234.0,10.46,49.88,54.0,Overload,99.0,45,YES
11-07-2026 01:17:56,224.0,11.71,50.14,27.0,Overload,68.0,45,YES
11-07-2026 01:17:58,240.0,6.13,50.02,50.0,Normal,54.0,100,NO
11-07-2026 01:17:59,239.0,5.89,49.98,47.0,Normal,52.0,100,NO
11-07-2026 01:19:19,230.0,5.82,50.09,34.0,Normal,100.0,100,NO
11-07-2026 01:20:31,226.0,3.82,50.03,44.0,Normal,54.0,100,NO
11-07-2026 01:24:08,220.0,7.81,50.18,25.0,Normal,100.0,100,NO
11-07-2026 01:24:16,230.0,11.84,49.81,55.0,Overload,99.0,45,YES
11-07-2026 01:24:28,231.0,8.11,50.19,29.0,Normal,87.0,100,NO
11-07-2026 01:25:10,237.0,5.08,50.08,47.0,Normal,53.0,100,NO
11-07-2026 01:25:14,234.0,9.9,49.87,35.0,Normal,63.0,100,NO
11-07-2026 01:25:16,225.0,6.81,50.11,45.0,Normal,54.0,100,NO
11-07-2026 01:25:18,234.0,12.14,49.9,29.0,Overload,68.0,45,YES
11-07-2026 01:26:13,0.0,0.0,50.0,30.0,Line Break,64.0,20,YES
11-07-2026 01:28:55,238.0,10.53,49.82,43.0,Overload,99.0,45,YES
11-07-2026 01:29:08,239.0,3.52,50.03,35.0,Normal,100.0,100,NO
11-07-2026 01:29:53,239.0,3.73,49.89,34.0,Normal,100.0,100,NO
11-07-2026 01:47:01,229.0,5.49,50.12,48.0,Normal,53.0,100,NO
11-07-2026 01:48:12,230.0,6.03,50.02,47.0,Normal,54.0,100,NO
11-07-2026 01:48:14,222.0,3.8,50.05,29.0,Normal,100.0,100,NO
11-07-2026 01:48:16,229.0,6.6,50.13,34.0,Normal,100.0,100,NO
11-07-2026 01:48:18,222.0,5.13,49.94,28.0,Normal,100.0,100,NO
11-07-2026 01:48:20,223.0,14.65,50.1,29.0,Overload,68.0,45,YES
11-07-2026 02:14:44,226.0,5.49,50.05,40.0,Normal,54.0,100,NO
11-07-2026 02:15:04,236.0,7.32,49.98,44.0,Normal,55.0,100,NO
11-07-2026 02:15:06,226.0,10.66,50.05,50.0,Overload,99.0,45,YES
11-07-2026 02:15:25,239.0,10.98,49.96,50.0,Overload,99.0,45,YES
11-07-2026 02:15:32,231.0,8.89,50.19,29.0,Normal,87.0,100,NO
11-07-2026 02:16:20,223.0,7.77,50.13,33.0,Normal,100.0,100,NO
11-07-2026 02:16:21,225.0,5.72,50.03,34.0,Normal,100.0,100,NO
11-07-2026 02:16:23,234.0,9.33,50.04,36.0,Normal,51.0,100,NO
11-07-2026 02:16:25,222.0,6.62,49.84,29.0,Normal,100.0,100,NO
11-07-2026 02:16:27,225.0,11.29,50.12,32.0,Overload,68.0,45,YES
11-07-2026 02:16:28,222.0,13.63,50.12,51.0,Overload,99.0,45,YES
11-07-2026 02:30:17,221.0,12.43,50.05,27.0,Overload,68.0,45,YES
11-07-2026 02:32:01,230.0,11.11,49.81,41.0,Overload,99.0,45,YES
11-07-2026 02:32:15,237.0,11.9,49.99,44.0,Overload,99.0,45,YES
11-07-2026 02:32:18,224.0,6.17,50.03,29.0,Normal,100.0,100,NO
11-07-2026 02:33:00,150.0,3.0,50.0,30.0,Undervoltage,99.0,50,YES
11-07-2026 02:33:42,280.0,10.0,50.0,30.0,Overvoltage,82.0,40,YES
11-07-2026 02:35:05,230.0,5.0,50.0,30.0,Normal,100.0,100,NO
11-07-2026 02:41:00,222.0,5.14,49.86,54.0,Normal,53.0,100,NO
11-07-2026 02:41:09,222.0,10.48,50.17,48.0,Overload,99.0,45,YES
11-07-2026 02:41:17,222.0,13.85,49.88,55.0,Overload,99.0,45,YES
11-07-2026 02:41:46,280.0,10.0,50.0,30.0,Overvoltage,82.0,40,YES
11-07-2026 02:43:14,232.0,9.76,49.84,42.0,Overload,52.0,45,YES
11-07-2026 02:45:29,228.0,11.12,50.08,39.0,Overload,97.0,45,YES
14-07-2026 20:17:26,232.0,6.87,50.0,54.0,Normal,54.0,100,NO
14-07-2026 20:33:43,233.0,5.62,49.86,54.0,Normal,53.0,100,NO
14-07-2026 20:34:42,230.0,5.0,50.0,30.0,Normal,100.0,100,NO
14-07-2026 20:34:58,233.0,4.2,49.99,38.0,Normal,56.0,100,NO
14-07-2026 20:35:01,233.0,6.28,50.11,34.0,Normal,100.0,100,NO
14-07-2026 20:35:03,229.0,5.69,50.18,36.0,Normal,78.0,100,NO
14-07-2026 20:35:05,223.0,8.1,49.89,30.0,Normal,88.0,100,NO
14-07-2026 20:35:07,221.0,8.16,50.01,35.0,Normal,87.0,100,NO
14-07-2026 20:35:14,220.0,12.33,50.14,31.0,Overload,68.0,45,YES
14-07-2026 20:39:34,0.0,0.0,0.0,30.0,Line Break,100.0,20,YES
14-07-2026 21:04:38,225.7,5.34,49.85,30.4,Normal,100.0,100,NO
14-07-2026 21:04:47,223.8,5.58,49.79,29.5,Normal,64.0,100,NO
14-07-2026 21:04:53,224.9,24.0,49.63,29.6,Overload,68.0,45,YES
14-07-2026 21:05:14,232.0,5.14,49.88,40.0,Normal,54.0,100,NO
14-07-2026 21:05:24,239.0,13.09,49.93,29.0,Overload,68.0,45,YES
14-07-2026 21:06:24,230.0,5.0,50.0,30.0,Normal,100.0,100,NO
14-07-2026 21:09:37,230.3,5.35,49.98,29.1,Normal,100.0,100,NO
14-07-2026 21:12:27,230.0,5.0,50.0,30.0,Normal,100.0,100,NO
14-07-2026 21:23:47,0.0,5.0,50.0,30.0,Undervoltage,69.0,50,YES
14-07-2026 21:25:01,0.0,5.0,50.0,30.0,Undervoltage,69.0,50,YES
14-07-2026 21:27:23,0.0,5.0,50.0,30.0,Undervoltage,69.0,50,YES
14-07-2026 21:30:46,0.0,5.0,50.0,30.0,Undervoltage,69.0,50,YES
14-07-2026 22:19:18,0.0,5.0,50.0,30.0,Undervoltage,69.0,50,YES
14-07-2026 22:26:41,0.0,5.0,50.0,30.0,Undervoltage,69.0,50,YES
15-07-2026 15:36:59,230.0,5.0,50.0,30.0,Normal,100.0,100,NO
15-07-2026 15:37:01,230.0,5.0,50.0,30.0,Normal,100.0,100,NO
15-07-2026 15:37:28,0.0,0.0,50.0,30.0,Line Break,64.0,20,YES
15-07-2026 15:38:10,0.0,5.0,50.0,30.0,Undervoltage,69.0,50,YES
15-07-2026 15:38:40,300.0,10.0,50.0,30.0,Overvoltage,82.0,40,YES
15-07-2026 15:39:38,300.0,10.0,100.0,50.0,Overvoltage,83.0,40,YES
15-07-2026 15:39:42,300.0,10.0,100.0,50.0,Overvoltage,83.0,40,YES
15-07-2026 15:40:38,220.0,9.16,50.04,37.0,Normal,53.0,100,NO
15-07-2026 15:40:49,237.0,3.91,49.83,37.0,Normal,79.0,100,NO
15-07-2026 15:40:52,235.0,3.87,49.94,41.0,Normal,54.0,100,NO
15-07-2026 15:40:54,230.0,6.79,49.81,42.0,Normal,55.0,100,NO
15-07-2026 15:40:56,226.0,5.08,50.12,49.0,Normal,53.0,100,NO
15-07-2026 15:40:58,235.0,14.1,49.99,40.0,Overload,99.0,45,YES
15-07-2026 15:45:08,230.0,5.0,50.0,30.0,Normal,100.0,100,NO
15-07-2026 15:45:46,225.0,10.36,49.83,37.0,Overload,71.0,45,YES
15-07-2026 15:46:54,150.0,5.0,50.0,30.0,Undervoltage,99.0,50,YES
15-07-2026 15:54:59,230.0,5.0,50.0,30.0,Normal,100.0,100,NO
